{"cameraMode":{"drawMode":0,"name":"Shaded","section":"Shading Mode"},"sceneLighting":true,"audioPlay":false,"sceneViewState":{"showFog":true,"showMaterialUpdate":true,"showSkybox":true,"showFlares":true,"showImageEffects":true,"showParticleSystems":true},"in2DMode":false,"pivot":{"x":1096.869873046875,"y":11.784253120422364,"z":1075.291015625},"rotation":{"x":-0.04877784848213196,"y":0.12574639916419984,"z":0.006190072745084763,"w":0.9908432364463806},"size":103.89979553222656,"orthographic":false}