{"cameraMode":{"drawMode":0,"name":"Shaded","section":"Shading Mode"},"sceneLighting":true,"audioPlay":false,"sceneViewState":{"showFog":true,"showMaterialUpdate":false,"showSkybox":true,"showFlares":true,"showImageEffects":true,"showParticleSystems":true},"in2DMode":false,"pivot":{"x":1083.4119873046875,"y":1.285667896270752,"z":1021.8803100585938},"rotation":{"x":-0.23975782096385957,"y":0.09505493938922882,"z":-0.02359531819820404,"w":-0.9658799767494202},"size":15.655162811279297,"orthographic":false}