{"cameraMode":{"drawMode":0,"name":"Shaded","section":"Shading Mode"},"sceneLighting":true,"audioPlay":false,"sceneViewState":{"showFog":false,"showMaterialUpdate":false,"showSkybox":false,"showFlares":false,"showImageEffects":false,"showParticleSystems":false},"in2DMode":false,"pivot":{"x":1125.7945556640625,"y":11.633185386657715,"z":983.111328125},"rotation":{"x":-0.03950382024049759,"y":0.7672999501228333,"z":-0.04748718813061714,"w":-0.6383065581321716},"size":19.326738357543947,"orthographic":false}