{"cameraMode":{"drawMode":0,"name":"Shaded","section":"Shading Mode"},"sceneLighting":false,"audioPlay":false,"sceneViewState":{"showFog":true,"showMaterialUpdate":false,"showSkybox":false,"showFlares":true,"showImageEffects":true,"showParticleSystems":true},"in2DMode":false,"pivot":{"x":-24.022296905517579,"y":7.87567138671875,"z":-21.2098445892334},"rotation":{"x":-0.8199973106384277,"y":0.18000179529190064,"z":-0.38344496488571169,"w":-0.3849332332611084},"size":85.94207763671875,"orthographic":false}