{"cameraMode":{"drawMode":0,"name":"Shaded","section":"Shading Mode"},"sceneLighting":true,"audioPlay":false,"sceneViewState":{"showFog":true,"showMaterialUpdate":false,"showSkybox":true,"showFlares":true,"showImageEffects":true,"showParticleSystems":true},"in2DMode":false,"pivot":{"x":56.87683868408203,"y":18.199703216552736,"z":-2.1592941284179689},"rotation":{"x":-0.08363756537437439,"y":0.3564402759075165,"z":0.03205501660704613,"w":0.9300148487091065},"size":35.62912368774414,"orthographic":false}