{"cameraMode":{"drawMode":0,"name":"Shaded","section":"Shading Mode"},"sceneLighting":true,"audioPlay":false,"sceneViewState":{"showFog":false,"showMaterialUpdate":false,"showSkybox":true,"showFlares":false,"showImageEffects":false,"showParticleSystems":false},"in2DMode":false,"pivot":{"x":1071.363525390625,"y":0.7400503158569336,"z":998.941650390625},"rotation":{"x":-0.14774581789970399,"y":0.7202857732772827,"z":-0.16168425977230073,"w":-0.6581928730010986},"size":25.599552154541017,"orthographic":false}