{"cameraMode":{"drawMode":0,"name":"Shaded","section":"Shading Mode"},"sceneLighting":true,"audioPlay":false,"sceneViewState":{"showFog":true,"showMaterialUpdate":false,"showSkybox":true,"showFlares":true,"showImageEffects":true,"showParticleSystems":true},"in2DMode":false,"pivot":{"x":31.86578941345215,"y":5.79115629196167,"z":-2.427313804626465},"rotation":{"x":0.08288778364658356,"y":-0.5809930562973023,"z":0.0596599243581295,"w":0.8074759244918823},"size":30.293169021606447,"orthographic":false}